{"cameraMode":{"drawMode":0,"name":"Shaded","section":"Shading Mode"},"sceneLighting":true,"audioPlay":false,"sceneViewState":{"showFog":true,"showMaterialUpdate":false,"showSkybox":false,"showFlares":true,"showImageEffects":true,"showParticleSystems":true},"in2DMode":false,"pivot":{"x":111.98625183105469,"y":99.87061309814453,"z":60.24497985839844},"rotation":{"x":0.026733634993433954,"y":-0.774564802646637,"z":0.032780639827251437,"w":0.6311560869216919},"size":14.373188018798829,"orthographic":false}