{"cameraMode":{"drawMode":0,"name":"Shaded","section":"Shading Mode"},"sceneLighting":true,"audioPlay":false,"sceneViewState":{"showFog":true,"showMaterialUpdate":false,"showSkybox":false,"showFlares":true,"showImageEffects":true,"showParticleSystems":true},"in2DMode":false,"pivot":{"x":-1025.0352783203125,"y":577.5599975585938,"z":862.8599853515625},"rotation":{"x":-0.05242101475596428,"y":0.9313046336174011,"z":-0.14816249907016755,"w":-0.3287155032157898},"size":22.0,"orthographic":false}