{"cameraMode":{"drawMode":0,"name":"Shaded","section":"Shading Mode"},"sceneLighting":true,"audioPlay":false,"sceneViewState":{"showFog":true,"showMaterialUpdate":false,"showSkybox":false,"showFlares":true,"showImageEffects":true,"showParticleSystems":true},"in2DMode":false,"pivot":{"x":-85.95570373535156,"y":788.0,"z":2321.90087890625},"rotation":{"x":0.0068744998425245289,"y":-0.9797119498252869,"z":0.03411738574504852,"w":0.19749586284160615},"size":8.59217643737793,"orthographic":false}