{"cameraMode":{"drawMode":0,"name":"Shaded","section":"Shading Mode"},"sceneLighting":true,"audioPlay":false,"sceneViewState":{"showFog":true,"showMaterialUpdate":false,"showSkybox":true,"showFlares":true,"showImageEffects":true,"showParticleSystems":true},"in2DMode":false,"pivot":{"x":112.00961303710938,"y":98.1081314086914,"z":62.23402786254883},"rotation":{"x":0.0225738026201725,"y":0.4878440499305725,"z":-0.012511637061834336,"w":0.8726308941841126},"size":8.443942070007325,"orthographic":false}