{"cameraMode":{"drawMode":0,"name":"Shaded","section":"Shading Mode"},"sceneLighting":true,"audioPlay":false,"sceneViewState":{"showFog":true,"showMaterialUpdate":false,"showSkybox":false,"showFlares":true,"showImageEffects":true,"showParticleSystems":true},"in2DMode":false,"pivot":{"x":2.1740000247955324,"y":3.1549997329711916,"z":4.019999980926514},"rotation":{"x":0.12104370445013046,"y":-0.8720643520355225,"z":0.2714947462081909,"w":0.3888357877731323},"size":2.996551990509033,"orthographic":false}