{"cameraMode":{"drawMode":0,"name":"Shaded","section":"Shading Mode"},"sceneLighting":true,"audioPlay":false,"sceneViewState":{"showFog":true,"showMaterialUpdate":false,"showSkybox":true,"showFlares":true,"showImageEffects":true,"showParticleSystems":true},"in2DMode":false,"pivot":{"x":608.5839233398438,"y":32.582767486572269,"z":640.6463623046875},"rotation":{"x":0.024423761293292047,"y":-0.8622242212295532,"z":0.04166232421994209,"w":0.5043033361434937},"size":52.03639602661133,"orthographic":false}