{"cameraMode":{"drawMode":0,"name":"Shaded","section":"Shading Mode"},"sceneLighting":true,"audioPlay":false,"sceneViewState":{"showFog":true,"showMaterialUpdate":false,"showSkybox":false,"showFlares":true,"showImageEffects":true,"showParticleSystems":true},"in2DMode":false,"pivot":{"x":-1025.0352783203125,"y":577.5599975585938,"z":862.8599853515625},"rotation":{"x":-0.04532574117183685,"y":0.910188615322113,"z":-0.39863717555999758,"w":-0.10340841859579086},"size":22.0,"orthographic":false}