{"cameraMode":{"drawMode":0,"name":"Shaded","section":"Shading Mode"},"sceneLighting":true,"audioPlay":false,"sceneViewState":{"showFog":true,"showMaterialUpdate":false,"showSkybox":false,"showFlares":true,"showImageEffects":true,"showParticleSystems":true},"in2DMode":false,"pivot":{"x":2.1740000247955324,"y":3.1549038887023927,"z":4.019999980926514},"rotation":{"x":0.04220917075872421,"y":0.7361466288566589,"z":0.04629882425069809,"w":-0.6739766597747803},"size":2.8985705375671388,"orthographic":false}