{"cameraMode":{"drawMode":0,"name":"Shaded","section":"Shading Mode"},"sceneLighting":false,"audioPlay":false,"sceneViewState":{"showFog":true,"showMaterialUpdate":false,"showSkybox":false,"showFlares":true,"showImageEffects":true,"showParticleSystems":true},"in2DMode":false,"pivot":{"x":2.1740000247955324,"y":3.1549038887023927,"z":4.019999980926514},"rotation":{"x":-0.39790868759155276,"y":0.26713043451309206,"z":-0.12225162982940674,"w":-0.8691774010658264},"size":2.8985705375671388,"orthographic":false}