{"cameraMode":{"drawMode":0,"name":"Shaded","section":"Shading Mode"},"sceneLighting":true,"audioPlay":false,"sceneViewState":{"showFog":true,"showMaterialUpdate":false,"showSkybox":true,"showFlares":true,"showImageEffects":true,"showParticleSystems":true},"in2DMode":false,"pivot":{"x":111.98625183105469,"y":99.87061309814453,"z":60.24497985839844},"rotation":{"x":-0.0043530575931072239,"y":-0.7212145924568176,"z":0.004568806849420071,"w":-0.6927353143692017},"size":93.13023376464844,"orthographic":false}