{"cameraMode":{"drawMode":0,"name":"Shaded","section":"Shading Mode"},"sceneLighting":true,"audioPlay":false,"sceneViewState":{"showFog":true,"showMaterialUpdate":false,"showSkybox":false,"showFlares":true,"showImageEffects":true,"showParticleSystems":true},"in2DMode":false,"pivot":{"x":112.00961303710938,"y":98.1604995727539,"z":62.2331657409668},"rotation":{"x":-0.007670979015529156,"y":-0.8568756580352783,"z":-0.012529022060334683,"w":0.5154376029968262},"size":4.969715595245361,"orthographic":false}